{"cameraMode":{"drawMode":0,"name":"Shaded","section":"Shading Mode"},"sceneLighting":true,"audioPlay":false,"sceneViewState":{"showFog":true,"showMaterialUpdate":false,"showSkybox":true,"showFlares":true,"showImageEffects":true,"showParticleSystems":true},"in2DMode":false,"pivot":{"x":5.923172950744629,"y":3.5241682529449465,"z":13.117334365844727},"rotation":{"x":-0.039293885231018069,"y":0.017084455117583276,"z":-0.0006718307267874479,"w":-0.9990814328193665},"size":34.37739181518555,"orthographic":false}