{"cameraMode":{"drawMode":0,"name":"Shaded","section":"Shading Mode"},"sceneLighting":true,"audioPlay":false,"sceneViewState":{"showFog":true,"showMaterialUpdate":false,"showSkybox":true,"showFlares":true,"showImageEffects":true,"showParticleSystems":true},"in2DMode":false,"pivot":{"x":0.07116317749023438,"y":0.8841886520385742,"z":0.7900135517120361},"rotation":{"x":-0.0938800573348999,"y":0.6185170412063599,"z":-0.0747745931148529,"w":-0.776551365852356},"size":14.203776359558106,"orthographic":false}