{"cameraMode":{"drawMode":0,"name":"Shaded","section":"Shading Mode"},"sceneLighting":true,"audioPlay":false,"sceneViewState":{"showFog":true,"showMaterialUpdate":false,"showSkybox":true,"showFlares":true,"showImageEffects":true,"showParticleSystems":true},"in2DMode":false,"pivot":{"x":-0.7539768218994141,"y":-1.1408979892730713,"z":1.7021512985229493},"rotation":{"x":-0.08860931545495987,"y":0.5848720669746399,"z":-0.06448396295309067,"w":-0.8036882877349854},"size":12.772680282592774,"orthographic":false}