{"cameraMode":{"drawMode":0,"name":"Shaded","section":"Shading Mode"},"sceneLighting":true,"audioPlay":false,"sceneViewState":{"showFog":true,"showMaterialUpdate":false,"showSkybox":true,"showFlares":true,"showImageEffects":true,"showParticleSystems":true},"in2DMode":false,"pivot":{"x":8.980000495910645,"y":-3.530001401901245,"z":11.0},"rotation":{"x":-0.012309285812079907,"y":-0.0024015093222260477,"z":0.00002967280124721583,"w":-0.999921441078186},"size":24.58740997314453,"orthographic":false}