{"cameraMode":{"drawMode":0,"name":"Shaded","section":"Shading Mode"},"sceneLighting":true,"audioPlay":false,"sceneViewState":{"showFog":true,"showMaterialUpdate":false,"showSkybox":true,"showFlares":true,"showImageEffects":true,"showParticleSystems":true},"in2DMode":false,"pivot":{"x":-0.830052375793457,"y":-1.0778632164001465,"z":2.154041290283203},"rotation":{"x":-0.18081368505954743,"y":0.3733915388584137,"z":-0.07445067912340164,"w":-0.906830906867981},"size":20.829025268554689,"orthographic":false}